Model,Accuracy,Precision,Recall,F1_Score
Random Forest,0.975,0.9763157894736842,0.975,0.9747425997425998
Decision Tree,0.975,0.9763157894736842,0.975,0.9747425997425998
